{
    "NA-effigy_661_point_cloud_original": 0.018676087030059685,
    "NA-effigy_661_point_cloud_encoded": 0.05335158024122209,
    "SN_0089_point_cloud_original": 0.013638500231288245,
    "SN_0089_point_cloud_encoded": 0.05158518222512086,
    "NA-jar_444_point_cloud_original": 0.02450194797251193,
    "NA-jar_444_point_cloud_encoded": 0.0510357211586121,
    "SN_0075_point_cloud_original": 0.016563939819436525,
    "SN_0075_point_cloud_encoded": 0.04908654990377645,
    "SN_0134_point_cloud_original": 0.012697668392368645,
    "SN_0134_point_cloud_encoded": 0.046425422937144384,
    "MD_0014_point_cloud_original": 0.012357691105590644,
    "MD_0014_point_cloud_encoded": 0.05071287418882726,
    "SN_0111_point_cloud_original": 0.010308482404812105,
    "SN_0111_point_cloud_encoded": 0.047228800584066394,
    "SN_0036_point_cloud_original": 0.01137798060472546,
    "SN_0036_point_cloud_encoded": 0.046148599309377196,
    "MD_0084_point_cloud_original": 0.0182118719271892,
    "MD_0084_point_cloud_encoded": 0.05067057042009556,
    "SN_0013_point_cloud_original": 0.013823231270577385,
    "SN_0013_point_cloud_encoded": 0.04541616645342364,
    "SN_0065_point_cloud_original": 0.011028454344192229,
    "SN_0065_point_cloud_encoded": 0.04845937976398529,
    "SN_0068_point_cloud_original": 0.010196848589324004,
    "SN_0068_point_cloud_encoded": 0.04436248777575259,
    "SN_0093_point_cloud_original": 0.008522564034373861,
    "SN_0093_point_cloud_encoded": 0.044251951209949236,
    "MD_0039_point_cloud_original": 0.013121196035953263,
    "MD_0039_point_cloud_encoded": 0.04831418593935679,
    "SN_0081_point_cloud_original": 0.009904800352896115,
    "SN_0081_point_cloud_encoded": 0.043389085481457174,
    "SN_0031_point_cloud_original": 0.012390324677759457,
    "SN_0031_point_cloud_encoded": 0.04822913025637305,
    "SN_0180_point_cloud_original": 0.018467407412123407,
    "SN_0180_point_cloud_encoded": 0.045299733807202584,
    "SN_0027_point_cloud_original": 0.010824288096251238,
    "SN_0027_point_cloud_encoded": 0.04621584265713553,
    "MD_0048_point_cloud_original": 0.014129028486483241,
    "MD_0048_point_cloud_encoded": 0.0522582365983699,
    "NA-effigy_202_point_cloud_original": 0.057803811207475506,
    "NA-effigy_202_point_cloud_encoded": 0.0650860429002778,
    "MD_0070_point_cloud_original": 0.013630776080465309,
    "MD_0070_point_cloud_encoded": 0.04619921597756712,
    "SN_0173_point_cloud_original": 0.016198255535604014,
    "SN_0173_point_cloud_encoded": 0.048806381722252296,
    "SN_0021_point_cloud_original": 0.00979483235553873,
    "SN_0021_point_cloud_encoded": 0.04977518046009715,
    "SN_0085_point_cloud_original": 0.013343012408726422,
    "SN_0085_point_cloud_encoded": 0.048784450864239076,
    "NA-effigy_10_point_cloud_original": 0.022543017111323834,
    "NA-effigy_10_point_cloud_encoded": 0.05149434065867681,
    "SN_0114_point_cloud_original": 0.01059882061567993,
    "SN_0114_point_cloud_encoded": 0.04320111180435937,
    "MD_0067_point_cloud_original": 0.01443081385599,
    "MD_0067_point_cloud_encoded": 0.04738403709624377,
    "SN_0061_point_cloud_original": 0.0149243921694946,
    "SN_0061_point_cloud_encoded": 0.048463212658720216,
    "SN_0179_point_cloud_original": 0.009295386891196017,
    "SN_0179_point_cloud_encoded": 0.04636962517926838,
    "SN_0177_point_cloud_original": 0.014596289474563423,
    "SN_0177_point_cloud_encoded": 0.050967248144868485,
    "SN_0125_point_cloud_original": 0.013969880790350582,
    "SN_0125_point_cloud_encoded": 0.04693845721084205,
    "SN_0023_point_cloud_original": 0.012554568449047726,
    "SN_0023_point_cloud_encoded": 0.04747721949859809,
    "SN_0118_point_cloud_original": 0.013120132743087022,
    "SN_0118_point_cloud_encoded": 0.05131139560879813,
    "SN_0041_point_cloud_original": 0.008069835190793073,
    "SN_0041_point_cloud_encoded": 0.04310649212910207,
    "SN_0101_point_cloud_original": 0.014848394362372364,
    "SN_0101_point_cloud_encoded": 0.04867024065878356,
    "MD_0065_point_cloud_original": 0.012266787419956729,
    "MD_0065_point_cloud_encoded": 0.05018924276397744,
    "SN_0123_point_cloud_original": 0.01233141342817051,
    "SN_0123_point_cloud_encoded": 0.04785788652306429,
    "SN_0168_point_cloud_original": 0.013492164749893424,
    "SN_0168_point_cloud_encoded": 0.04937554075533622,
    "SN_0170_point_cloud_original": 0.012093489963276364,
    "SN_0170_point_cloud_encoded": 0.049981553912543136,
    "SN_0124_point_cloud_original": 0.014611165182269651,
    "SN_0124_point_cloud_encoded": 0.048319514151543265,
    "SN_0110_point_cloud_original": 0.013713452996590547,
    "SN_0110_point_cloud_encoded": 0.0506497633437682,
    "SN_0163_point_cloud_original": 0.014335260941505662,
    "SN_0163_point_cloud_encoded": 0.04773870028204086,
    "SN_0003_point_cloud_original": 0.011740253873745572,
    "SN_0003_point_cloud_encoded": 0.047277291555349536,
    "SN_0132_point_cloud_original": 0.014250800059733672,
    "SN_0132_point_cloud_encoded": 0.04725204156103516,
    "SN_0150_point_cloud_original": 0.01011066637515636,
    "SN_0150_point_cloud_encoded": 0.048863514724803145,
    "SN_0164_point_cloud_original": 0.010547908370133894,
    "SN_0164_point_cloud_encoded": 0.04909407210636867,
    "SN_0015_point_cloud_original": 0.014363096709787594,
    "SN_0015_point_cloud_encoded": 0.051420349968439236,
    "MD_0062_point_cloud_original": 0.011693964673032511,
    "MD_0062_point_cloud_encoded": 0.04798012964085387,
    "SN_0178_point_cloud_original": 0.014734074058900468,
    "SN_0178_point_cloud_encoded": 0.04613719057430765,
    "MD_0068_point_cloud_original": 0.012980618095609884,
    "MD_0068_point_cloud_encoded": 0.047620886108983164,
    "MD_0026_point_cloud_original": 0.014916727643341706,
    "MD_0026_point_cloud_encoded": 0.04932301294477217,
    "SN_0010_point_cloud_original": 0.008080378743990787,
    "SN_0010_point_cloud_encoded": 0.04404448596542049,
    "SN_0078_point_cloud_original": 0.009096932728998579,
    "SN_0078_point_cloud_encoded": 0.043121122303679975,
    "SN_0091_point_cloud_original": 0.012100564850367904,
    "SN_0091_point_cloud_encoded": 0.04601013114353269,
    "MD_0046_point_cloud_original": 0.011220025555271438,
    "MD_0046_point_cloud_encoded": 0.048887257724833474,
    "NA-jar_55_point_cloud_original": 0.02740258122675591,
    "NA-jar_55_point_cloud_encoded": 0.057480499927440025,
    "MD_0075_point_cloud_original": 0.013212140440265717,
    "MD_0075_point_cloud_encoded": 0.05003715496393877,
    "SN_0100_point_cloud_original": 0.014409926983430401,
    "SN_0100_point_cloud_encoded": 0.048647817525348275,
    "MD_0013_point_cloud_original": 0.009180711426364079,
    "MD_0013_point_cloud_encoded": 0.047630441025492666,
    "SN_0029_point_cloud_original": 0.01951765963136091,
    "SN_0029_point_cloud_encoded": 0.05391643790352695,
    "MD_0007_point_cloud_original": 0.011535824497391453,
    "MD_0007_point_cloud_encoded": 0.04753085215881742,
    "MD_0076_point_cloud_original": 0.011152900425832498,
    "MD_0076_point_cloud_encoded": 0.04527366595788231,
    "SN_0136_point_cloud_original": 0.015650656168701992,
    "SN_0136_point_cloud_encoded": 0.04537265999569681,
    "SN_0139_point_cloud_original": 0.008526741122962415,
    "SN_0139_point_cloud_encoded": 0.0417222817643226,
    "SN_0002_point_cloud_original": 0.04653188068971857,
    "SN_0002_point_cloud_encoded": 0.05400956033635304,
    "SN_0095_point_cloud_original": 0.011852309365433647,
    "SN_0095_point_cloud_encoded": 0.0509076839760129,
    "SN_0092_point_cloud_original": 0.016282952321044528,
    "SN_0092_point_cloud_encoded": 0.04835150486721771,
    "MD_0047_point_cloud_original": 0.013720600818853434,
    "MD_0047_point_cloud_encoded": 0.05293354932225619,
    "NA-jar_518_point_cloud_original": 0.030970348817288225,
    "NA-jar_518_point_cloud_encoded": 0.055644751359951075,
    "MD_0066_point_cloud_original": 0.00940002654331201,